Date,Days_after_First_Cases,Cases_Domestic,Deaths_Domestic,DailyConfirmed_Domestic,DailyDeath_Domestic,Cases_Capital,Deaths_Capital,DailyConfirmed_Capital,DailyDeath_Capital,Cases_NonCapital,Deaths_NonCapital,DailyConfirmed_NonCapital,DailyDeath_NonCapital,Cases_Chungcheong,Deaths_Chungcheong,DailyConfirmed_Chungcheong,DailyDeath_Chungcheong,Cases_Honam,Deaths_Honam,DailyConfirmed_Honam,DailyDeath_Honam,Cases_Gyeongbuk,Deaths_Gyeongbuk,DailyConfirmed_Gyeongbuk,DailyDeath_Gyeongbuk,Cases_Gyeongnam,Deaths_Gyeongnam,DailyConfirmed_Gyeongnam,DailyDeath_Gyeongnam,Cases_Gangwon,Deaths_Gangwon,DailyConfirmed_Gangwon,DailyDeath_Gangwon,Cases_Jeju,Deaths_Jeju,DailyConfirmed_Jeju,DailyDeath_Jeju
2020-01-20,1,1,0,1,0,1,0,1,0,0,0,0,0,0,0,0,0,0,0,0,0,0,0,0,0,0,0,0,0,0,0,0,0,0,0,0,0
2020-01-21,2,1,0,0,0,1,0,0,0,0,0,0,0,0,0,0,0,0,0,0,0,0,0,0,0,0,0,0,0,0,0,0,0,0,0,0,0
2020-01-22,3,1,0,0,0,1,0,0,0,0,0,0,0,0,0,0,0,0,0,0,0,0,0,0,0,0,0,0,0,0,0,0,0,0,0,0,0
2020-01-23,4,1,0,0,0,1,0,0,0,0,0,0,0,0,0,0,0,0,0,0,0,0,0,0,0,0,0,0,0,0,0,0,0,0,0,0,0
2020-01-24,5,2,0,1,0,2,0,1,0,0,0,0,0,0,0,0,0,0,0,0,0,0,0,0,0,0,0,0,0,0,0,0,0,0,0,0,0
2020-01-25,6,2,0,0,0,2,0,0,0,0,0,0,0,0,0,0,0,0,0,0,0,0,0,0,0,0,0,0,0,0,0,0,0,0,0,0,0
2020-01-26,7,3,0,1,0,3,0,1,0,0,0,0,0,0,0,0,0,0,0,0,0,0,0,0,0,0,0,0,0,0,0,0,0,0,0,0,0
2020-01-27,8,4,0,1,0,4,0,1,0,0,0,0,0,0,0,0,0,0,0,0,0,0,0,0,0,0,0,0,0,0,0,0,0,0,0,0,0
2020-01-28,9,4,0,0,0,4,0,0,0,0,0,0,0,0,0,0,0,0,0,0,0,0,0,0,0,0,0,0,0,0,0,0,0,0,0,0,0
2020-01-29,10,4,0,0,0,4,0,0,0,0,0,0,0,0,0,0,0,0,0,0,0,0,0,0,0,0,0,0,0,0,0,0,0,0,0,0,0
2020-01-30,11,7,0,3,0,7,0,3,0,0,0,0,0,0,0,0,0,0,0,0,0,0,0,0,0,0,0,0,0,0,0,0,0,0,0,0,0
2020-01-31,12,11,0,4,0,10,0,3,0,1,0,1,0,0,0,0,0,1,0,1,0,0,0,0,0,0,0,0,0,0,0,0,0,0,0,0,0
2020-02-01,13,12,0,1,0,11,0,1,0,1,0,0,0,0,0,0,0,1,0,0,0,0,0,0,0,0,0,0,0,0,0,0,0,0,0,0,0
2020-02-02,14,15,0,3,0,14,0,3,0,1,0,0,0,0,0,0,0,1,0,0,0,0,0,0,0,0,0,0,0,0,0,0,0,0,0,0,0
2020-02-03,15,15,0,0,0,14,0,0,0,1,0,0,0,0,0,0,0,1,0,0,0,0,0,0,0,0,0,0,0,0,0,0,0,0,0,0,0
2020-02-04,16,16,0,1,0,14,0,0,0,2,0,1,0,0,0,0,0,2,0,1,0,0,0,0,0,0,0,0,0,0,0,0,0,0,0,0,0
2020-02-05,17,18,0,2,0,16,0,2,0,2,0,0,0,0,0,0,0,2,0,0,0,0,0,0,0,0,0,0,0,0,0,0,0,0,0,0,0
2020-02-06,18,23,0,5,0,21,0,5,0,2,0,0,0,0,0,0,0,2,0,0,0,0,0,0,0,0,0,0,0,0,0,0,0,0,0,0,0
2020-02-07,19,24,0,1,0,22,0,1,0,2,0,0,0,0,0,0,0,2,0,0,0,0,0,0,0,0,0,0,0,0,0,0,0,0,0,0,0
2020-02-08,20,24,0,0,0,22,0,0,0,2,0,0,0,0,0,0,0,2,0,0,0,0,0,0,0,0,0,0,0,0,0,0,0,0,0,0,0
2020-02-09,21,27,0,3,0,25,0,3,0,2,0,0,0,0,0,0,0,2,0,0,0,0,0,0,0,0,0,0,0,0,0,0,0,0,0,0,0
2020-02-10,22,27,0,0,0,25,0,0,0,2,0,0,0,0,0,0,0,2,0,0,0,0,0,0,0,0,0,0,0,0,0,0,0,0,0,0,0
2020-02-11,23,29,0,2,0,27,0,2,0,2,0,0,0,0,0,0,0,2,0,0,0,0,0,0,0,0,0,0,0,0,0,0,0,0,0,0,0
2020-02-12,24,29,0,0,0,27,0,0,0,2,0,0,0,0,0,0,0,2,0,0,0,0,0,0,0,0,0,0,0,0,0,0,0,0,0,0,0
2020-02-13,25,29,0,0,0,27,0,0,0,2,0,0,0,0,0,0,0,2,0,0,0,0,0,0,0,0,0,0,0,0,0,0,0,0,0,0,0
2020-02-14,26,29,0,0,0,27,0,0,0,2,0,0,0,0,0,0,0,2,0,0,0,0,0,0,0,0,0,0,0,0,0,0,0,0,0,0,0
2020-02-15,27,29,0,0,0,27,0,0,0,2,0,0,0,0,0,0,0,2,0,0,0,0,0,0,0,0,0,0,0,0,0,0,0,0,0,0,0
2020-02-16,28,29,0,0,0,27,0,0,0,2,0,0,0,0,0,0,0,2,0,0,0,0,0,0,0,0,0,0,0,0,0,0,0,0,0,0,0
2020-02-17,29,29,0,0,0,27,0,0,0,2,0,0,0,0,0,0,0,2,0,0,0,0,0,0,0,0,0,0,0,0,0,0,0,0,0,0,0
2020-02-18,30,30,0,1,0,27,0,0,0,3,0,1,0,0,0,0,0,2,0,0,0,1,0,1,0,0,0,0,0,0,0,0,0,0,0,0,0
2020-02-19,31,52,0,22,0,34,0,7,0,18,0,15,0,0,0,0,0,2,0,0,0,11,0,10,0,0,0,0,0,0,0,0,0,0,0,0,0
2020-02-20,32,104,1,52,1,36,0,2,0,68,1,50,1,0,0,0,0,2,0,0,0,30,0,19,0,8,0,8,0,0,0,0,0,0,0,0,0
2020-02-21,33,204,1,100,0,43,0,7,0,161,1,93,0,2,0,2,0,5,0,3,0,111,0,81,0,9,0,1,0,0,0,0,0,1,0,1,0
2020-02-22,34,433,3,229,2,52,0,9,0,381,3,220,2,7,0,5,0,10,0,5,0,196,0,85,0,13,0,4,0,6,0,6,0,1,0,0,0
2020-02-23,35,602,4,169,1,57,0,5,0,545,4,164,1,8,0,1,0,12,0,2,0,313,1,117,1,21,0,8,0,6,0,0,0,2,0,1,0
2020-02-24,36,833,8,231,4,72,0,15,0,761,8,216,4,8,0,0,0,13,0,1,0,486,2,173,1,37,0,16,0,6,0,0,0,2,0,0,0
2020-02-25,37,977,12,144,4,85,0,13,0,892,12,131,4,11,0,3,0,13,0,0,0,548,6,62,4,47,0,10,0,6,0,0,0,2,0,0,0
2020-02-26,38,1261,13,284,1,103,1,18,1,1158,12,266,0,14,0,3,0,13,0,0,0,715,6,167,0,65,0,18,0,6,0,0,0,2,0,0,0
2020-02-27,39,1766,13,505,0,121,1,18,0,1645,12,487,0,30,0,16,0,15,0,2,0,1140,6,425,0,84,0,19,0,6,0,0,0,2,0,0,0
2020-02-28,40,2337,13,571,0,138,1,17,0,2199,12,554,0,58,0,28,0,15,0,0,0,1589,6,449,0,114,0,30,0,7,0,1,0,2,0,0,0
2020-02-29,41,3150,17,813,4,165,1,27,0,2985,16,786,4,79,0,21,0,17,0,2,0,2246,10,657,4,152,0,38,0,7,0,0,0,2,0,0,0
2020-03-01,42,3736,18,586,1,182,1,17,0,3554,17,569,1,93,0,14,0,18,0,1,0,2715,11,469,1,171,0,19,0,15,0,8,0,2,0,0,0
2020-03-02,43,4212,22,476,4,190,1,8,0,4022,21,468,4,104,0,11,0,20,0,2,0,3092,15,377,4,186,0,15,0,19,0,4,0,2,0,0,0
2020-03-03,44,4812,28,600,6,199,1,9,0,4613,27,591,6,107,0,3,0,23,0,3,0,3612,21,520,6,191,0,5,0,20,0,1,0,3,0,1,0
2020-03-04,45,5327,32,515,4,209,1,10,0,5118,31,505,4,109,0,2,0,24,0,1,0,4018,25,406,4,197,0,6,0,21,0,1,0,3,0,0,0
2020-03-05,46,5766,34,439,2,222,1,13,0,5544,33,426,2,115,0,6,0,24,0,0,0,4340,27,322,2,201,0,4,0,23,0,2,0,4,0,1,0
2020-03-06,47,6284,41,518,7,234,1,12,0,6050,40,506,7,124,0,9,0,24,0,0,0,4709,30,369,3,208,0,7,0,25,0,2,0,4,0,0,0
2020-03-07,48,6767,43,483,2,247,1,13,0,6520,42,470,2,132,0,8,0,24,0,0,0,5104,31,395,1,211,0,3,0,26,1,1,1,4,0,0,0
2020-03-08,49,7134,50,367,7,270,1,23,0,6864,49,344,7,143,0,11,0,24,0,0,0,5405,35,301,4,218,0,7,0,27,1,1,0,4,0,0,0
2020-03-09,50,7382,51,248,1,292,1,22,0,7090,50,226,1,151,0,8,0,26,0,2,0,5596,35,191,0,222,0,4,0,28,1,1,0,4,0,0,0
2020-03-10,51,7513,54,131,3,317,1,25,0,7196,53,106,3,155,0,4,0,26,0,0,0,5688,38,92,3,224,0,2,0,28,1,0,0,4,0,0,0
2020-03-11,52,7755,60,242,6,393,1,76,0,7362,59,166,6,167,0,12,0,26,0,0,0,5821,44,133,6,235,0,11,0,29,1,1,0,4,0,0,0
2020-03-12,53,7869,66,114,6,415,1,22,0,7454,65,92,6,176,0,9,0,26,0,0,0,5894,48,73,4,238,0,3,0,29,1,0,0,4,0,0,0
2020-03-13,54,7979,67,110,1,437,2,22,1,7542,65,88,0,196,0,20,0,26,0,0,0,5955,48,61,0,242,0,4,0,29,1,0,0,4,0,0,0
2020-03-14,55,8086,72,107,5,466,3,29,1,7620,69,78,4,203,0,7,0,26,0,0,0,6018,51,63,3,245,0,3,0,29,1,0,0,4,0,0,0
2020-03-15,56,8162,75,76,3,488,3,22,0,7674,72,54,3,207,0,4,0,27,0,1,0,6062,53,44,2,249,1,4,1,29,1,0,0,4,0,0,0
2020-03-16,57,8232,75,70,0,514,3,26,0,7718,72,44,0,208,0,1,0,27,0,0,0,6097,53,35,0,250,1,1,0,29,1,0,0,4,0,0,0
2020-03-17,58,8314,81,82,6,558,3,44,0,7756,78,38,6,208,0,0,0,27,0,0,0,6129,57,32,4,250,1,0,0,29,1,0,0,4,0,0,0
2020-03-18,59,8402,84,88,3,579,3,21,0,7823,81,67,3,213,0,5,0,31,0,4,0,6176,58,47,1,255,1,5,0,30,1,1,0,4,0,0,0
2020-03-19,60,8549,91,147,7,609,3,30,0,7940,88,117,7,214,0,1,0,32,0,1,0,6274,65,98,7,261,1,6,0,30,1,0,0,4,0,0,0
2020-03-20,61,8635,94,86,3,644,3,35,0,7991,91,51,3,215,0,1,0,33,0,1,0,6308,67,34,2,263,1,2,0,30,1,0,0,4,0,0,0
2020-03-21,62,8776,102,141,8,675,3,31,0,8101,99,110,8,216,0,1,0,33,0,0,0,6378,73,70,6,263,1,0,0,30,1,0,0,4,0,0,0
2020-03-22,63,8863,104,87,2,701,3,26,0,8162,101,61,2,220,0,4,0,35,0,2,0,6422,75,44,2,264,1,1,0,30,1,0,0,4,0,0,0
2020-03-23,64,8914,111,51,7,721,3,20,0,8193,108,31,7,223,0,3,0,35,0,0,0,6448,82,26,7,265,1,1,0,30,1,0,0,4,0,0,0
2020-03-24,65,8970,120,56,9,741,4,20,1,8229,116,36,8,224,0,1,0,35,0,0,0,6480,88,32,6,267,1,2,0,30,1,0,0,4,0,0,0
2020-03-25,66,9036,126,66,6,776,4,35,0,8260,122,31,6,229,0,5,0,37,0,2,0,6494,92,14,4,272,1,5,0,31,1,1,0,6,0,2,0
2020-03-26,67,9110,131,74,5,804,4,28,0,8306,127,46,5,237,0,8,0,37,0,0,0,6521,94,27,2,273,2,1,1,31,1,0,0,6,0,0,0
2020-03-27,68,9188,139,78,8,830,4,26,0,8358,135,52,8,240,0,3,0,38,0,1,0,6557,98,36,4,276,2,3,0,31,1,0,0,7,0,1,0
2020-03-28,69,9310,144,122,5,874,5,44,1,8436,139,78,4,242,0,2,0,38,0,0,0,6628,101,71,3,279,2,3,0,32,1,1,0,8,0,1,0
2020-03-29,70,9394,152,84,8,916,5,42,0,8478,147,42,8,248,0,6,0,41,0,3,0,6651,106,23,5,283,3,4,1,34,1,2,0,8,0,0,0
2020-03-30,71,9459,158,65,6,947,5,31,0,8512,153,34,6,251,0,3,0,42,0,1,0,6668,111,17,5,284,3,1,0,36,1,2,0,9,0,1,0
2020-03-31,72,9569,162,110,4,990,6,43,1,8579,156,67,3,254,0,3,0,42,0,0,0,6728,114,60,3,286,3,2,0,36,1,0,0,9,0,0,0
2020-04-01,73,9663,165,94,3,1042,6,52,0,8621,159,42,3,257,0,3,0,50,0,8,0,6748,115,20,1,292,4,6,1,38,1,2,0,9,0,0,0
2020-04-02,74,9734,169,71,4,1077,6,35,0,8657,163,36,4,259,0,2,0,53,0,3,0,6769,117,21,2,295,4,3,0,39,1,1,0,9,0,0,0
2020-04-03,75,9798,174,64,5,1119,6,42,0,8679,168,22,5,261,0,2,0,56,0,3,0,6779,121,10,4,296,4,1,0,41,1,2,0,9,0,0,0
2020-04-04,76,9877,177,79,3,1167,6,48,0,8710,171,31,3,262,0,1,0,56,0,0,0,6806,122,27,1,297,4,1,0,42,1,1,0,9,0,0,0
2020-04-05,77,9934,183,57,6,1203,7,36,1,8731,176,21,5,263,0,1,0,58,0,2,0,6813,127,7,5,297,4,0,0,45,1,3,0,12,0,3,0
2020-04-06,78,9974,186,40,3,1223,7,20,0,8751,179,20,3,266,0,3,0,58,0,0,0,6826,129,13,2,298,4,1,0,45,1,0,0,12,0,0,0
2020-04-07,79,10007,192,33,6,1237,7,14,0,8770,185,19,6,267,0,1,0,58,0,0,0,6839,134,13,5,300,4,2,0,47,1,2,0,12,0,0,0
2020-04-08,80,10046,200,39,8,1258,12,21,5,8788,188,18,3,267,0,0,0,59,0,1,0,6848,137,9,3,302,4,2,0,49,1,2,0,12,0,0,0
2020-04-09,81,10075,204,29,4,1280,13,22,1,8795,191,7,3,268,0,1,0,59,0,0,0,6852,139,4,2,303,4,1,0,49,1,0,0,12,0,0,0
2020-04-10,82,10098,208,23,4,1295,13,15,0,8803,195,8,4,268,0,0,0,59,0,0,0,6852,142,0,3,304,4,1,0,49,1,0,0,12,0,0,0
2020-04-11,83,10122,211,24,3,1308,13,13,0,8814,198,11,3,268,0,0,0,59,0,0,0,6859,145,7,3,305,4,1,0,49,1,0,0,12,0,0,0
2020-04-12,84,10136,214,14,3,1316,14,8,1,8820,200,6,2,269,0,1,0,59,0,0,0,6861,146,2,1,306,4,1,0,49,1,0,0,12,0,0,0
2020-04-13,85,10155,217,19,3,1328,15,12,1,8827,202,7,2,269,0,0,0,59,0,0,0,6864,147,3,1,306,4,0,0,49,1,0,0,12,0,0,0
2020-04-14,86,10175,222,20,5,1339,15,11,0,8836,207,9,5,269,0,0,0,59,0,0,0,6867,152,3,5,307,4,1,0,49,1,0,0,12,0,0,0
2020-04-15,87,10198,225,23,3,1350,15,11,0,8848,210,12,3,269,0,0,0,60,0,1,0,6868,155,1,3,308,4,1,0,51,1,2,0,13,0,1,0
2020-04-16,88,10216,229,18,4,1356,16,6,1,8860,213,12,3,269,0,0,0,60,0,0,0,6872,158,4,3,311,4,3,0,52,1,1,0,13,0,0,0
2020-04-17,89,10227,230,11,1,1360,16,4,0,8867,214,7,1,270,0,1,0,62,0,2,0,6872,159,0,1,311,4,0,0,52,1,0,0,13,0,0,0
2020-04-18,90,10241,232,14,2,1366,16,6,0,8875,216,8,2,271,0,1,0,62,0,0,0,6875,160,3,1,313,4,2,0,53,1,1,0,13,0,0,0
2020-04-19,91,10247,234,6,2,1369,16,3,0,8878,218,3,2,271,0,0,0,62,0,0,0,6877,161,2,1,313,4,0,0,53,2,0,1,13,0,0,0
2020-04-20,92,10256,236,9,2,1372,16,3,0,8884,220,6,2,271,0,0,0,62,0,0,0,6878,163,1,2,316,4,3,0,53,2,0,0,13,0,0,0
2020-04-21,93,10262,237,6,1,1376,16,4,0,8886,221,2,1,271,0,0,0,62,0,0,0,6880,164,2,1,316,4,0,0,53,2,0,0,13,0,0,0
2020-04-22,94,10271,238,9,1,1378,16,2,0,8893,222,7,1,272,0,1,0,62,0,0,0,6881,165,1,1,318,4,2,0,53,2,0,0,13,0,0,0
2020-04-23,95,10277,240,6,2,1379,16,1,0,8898,224,5,2,272,0,0,0,62,0,0,0,6885,166,4,1,319,4,1,0,53,2,0,0,13,0,0,0
2020-04-24,96,10282,240,5,0,1380,16,1,0,8902,224,4,0,272,0,0,0,62,0,0,0,6887,166,2,0,320,4,1,0,53,2,0,0,13,0,0,0
2020-04-25,97,10288,240,6,0,1383,16,3,0,8905,224,3,0,272,0,0,0,62,0,0,0,6890,166,3,0,320,4,0,0,53,2,0,0,13,0,0,0
2020-04-26,98,10297,242,9,2,1389,16,6,0,8908,226,3,2,272,0,0,0,63,0,1,0,6891,168,1,2,321,4,1,0,53,2,0,0,13,0,0,0
2020-04-27,99,10302,243,5,1,1392,16,3,0,8910,227,2,1,273,0,1,0,63,0,0,0,6892,169,1,1,322,4,1,0,53,2,0,0,13,0,0,0
2020-04-28,100,10313,244,11,1,1400,16,8,0,8913,228,3,1,273,0,0,0,63,0,0,0,6894,170,2,1,322,4,0,0,53,2,0,0,13,0,0,0
2020-04-29,101,10319,246,6,2,1402,17,2,1,8917,229,4,1,274,0,1,0,63,0,0,0,6897,171,3,1,323,4,1,0,53,2,0,0,13,0,0,0
2020-04-30,102,10319,247,0,1,1402,17,0,0,8917,230,0,1,274,0,0,0,63,0,0,0,6897,172,0,1,323,4,0,0,53,2,0,0,13,0,0,0
2020-05-01,103,10324,248,5,1,1406,18,4,1,8918,230,1,0,274,0,0,0,63,0,0,0,6897,172,0,0,323,4,0,0,53,2,0,0,13,0,0,0
2020-05-02,104,10327,250,3,2,1408,18,2,0,8919,232,1,2,274,0,0,0,63,0,0,0,6897,174,0,2,324,4,1,0,53,2,0,0,13,0,0,0
2020-05-03,105,10335,250,8,0,1412,18,4,0,8923,232,4,0,274,0,0,0,63,0,0,0,6901,174,4,0,324,4,0,0,53,2,0,0,13,0,0,0
2020-05-04,106,10339,252,4,2,1414,18,2,0,8925,234,2,2,274,1,0,1,64,0,1,0,6901,174,0,0,325,4,1,0,53,2,0,0,13,0,0,0
2020-05-05,107,10340,254,1,2,1415,18,1,0,8925,236,0,2,274,1,0,0,64,0,0,0,6901,176,0,2,325,4,0,0,53,2,0,0,13,0,0,0
2020-05-06,108,10340,255,0,1,1415,18,0,0,8925,237,0,1,274,1,0,0,64,0,0,0,6901,177,0,1,325,4,0,0,53,2,0,0,13,0,0,0
2020-05-07,109,10343,256,3,1,1416,18,1,0,8927,238,2,1,276,1,2,0,64,0,0,0,6902,178,1,1,325,4,0,0,53,2,0,0,13,0,0,0
2020-05-08,110,10352,256,9,0,1418,18,2,0,8934,238,7,0,277,1,1,0,65,0,1,0,6906,178,4,0,327,4,2,0,53,2,0,0,13,0,0,0
2020-05-09,111,10370,256,18,0,1435,18,17,0,8935,238,1,0,277,1,0,0,65,0,0,0,6906,178,0,0,328,4,1,0,53,2,0,0,13,0,0,0
2020-05-10,112,10398,256,28,0,1458,18,23,0,8940,238,5,0,279,1,2,0,65,0,0,0,6910,178,4,0,328,4,0,0,53,2,0,0,14,0,1,0
2020-05-11,113,10430,256,32,0,1485,18,27,0,8945,238,5,0,283,1,4,0,65,0,0,0,6913,178,3,0,328,4,0,0,54,2,1,0,14,0,0,0
2020-05-12,114,10456,258,26,2,1506,18,21,0,8950,240,5,2,285,1,2,0,65,0,0,0,6914,179,1,1,328,4,0,0,54,2,0,0,14,0,0,0
2020-05-13,115,10481,259,25,1,1522,19,16,1,8959,240,9,0,285,1,0,0,66,0,1,0,6917,179,3,0,332,4,4,0,54,2,0,0,14,0,0,0
2020-05-14,116,10510,260,29,1,1544,20,22,1,8966,240,7,0,289,1,4,0,67,0,1,0,6920,179,3,0,333,4,1,0,55,2,1,0,14,0,0,0
2020-05-15,117,10536,260,26,0,1566,20,22,0,8970,240,4,0,289,1,0,0,68,0,1,0,6923,179,3,0,333,4,0,0,55,2,0,0,14,0,0,0
2020-05-16,118,10547,262,11,2,1575,20,9,0,8972,242,2,2,290,1,1,0,68,0,0,0,6925,181,2,2,333,4,0,0,55,2,0,0,14,0,0,0
2020-05-17,119,10556,262,9,0,1580,20,5,0,8976,242,4,0,291,1,1,0,68,0,0,0,6926,181,1,0,333,4,0,0,55,2,0,0,14,0,0,0
2020-05-18,120,10564,263,8,1,1584,20,4,0,8980,243,4,1,294,1,3,0,68,0,0,0,6930,182,4,1,333,4,0,0,55,2,0,0,14,0,0,0
2020-05-19,121,10577,263,13,0,1593,20,9,0,8984,243,4,0,294,1,0,0,68,0,0,0,6930,182,0,0,337,4,4,0,55,2,0,0,14,0,0,0
2020-05-20,122,10607,263,30,0,1621,20,28,0,8986,243,2,0,294,1,0,0,69,0,1,0,6931,182,1,0,337,4,0,0,55,2,0,0,14,0,0,0
2020-05-21,123,10618,264,11,1,1631,21,10,1,8987,243,1,0,295,1,1,0,69,0,0,0,6931,182,0,0,338,4,1,0,55,2,0,0,14,0,0,0
2020-05-22,124,10631,264,13,0,1640,21,9,0,8991,243,4,0,295,1,0,0,69,0,0,0,6931,182,0,0,339,4,1,0,55,2,0,0,14,0,0,0
2020-05-23,125,10651,266,20,2,1657,22,17,1,8994,244,3,1,296,1,1,0,69,0,0,0,6932,183,1,1,339,4,0,0,55,2,0,0,14,0,0,0
2020-05-24,126,10672,266,21,0,1671,22,14,0,9001,244,7,0,296,1,0,0,69,0,0,0,6932,183,0,0,339,4,0,0,56,2,1,0,14,0,0,0
2020-05-25,127,10687,267,15,1,1684,23,13,1,9003,244,2,0,296,1,0,0,69,0,0,0,6933,183,1,0,339,4,0,0,56,2,0,0,14,0,0,0
2020-05-26,128,10704,269,17,2,1698,23,14,0,9006,246,3,2,297,1,1,0,69,0,0,0,6935,184,2,1,339,4,0,0,56,3,0,1,14,0,0,0
2020-05-27,129,10743,269,39,0,1734,23,36,0,9009,246,3,0,297,1,0,0,69,0,0,0,6938,184,3,0,339,4,0,0,56,3,0,0,14,0,0,0
2020-05-28,130,10815,269,72,0,1801,23,67,0,9014,246,5,0,298,1,1,0,69,0,0,0,6940,184,2,0,341,4,2,0,56,3,0,0,14,0,0,0
2020-05-29,131,10873,269,58,0,1859,23,58,0,9014,246,0,0,298,1,0,0,69,0,0,0,6940,184,0,0,341,4,0,0,56,3,0,0,14,0,0,0
2020-05-30,132,10907,269,34,0,1886,23,27,0,9021,246,7,0,298,1,0,0,72,0,3,0,6942,184,2,0,342,4,1,0,57,3,1,0,14,0,0,0
2020-05-31,133,10934,270,27,1,1907,23,21,0,9027,247,6,1,299,1,1,0,72,0,0,0,6943,185,1,1,345,4,3,0,57,3,0,0,15,0,1,0
2020-06-01,134,10967,271,33,1,1938,23,31,0,9029,248,2,1,299,1,0,0,73,0,1,0,6944,186,1,1,345,4,0,0,57,3,0,0,15,0,0,0
2020-06-02,135,11004,272,37,1,1975,23,37,0,9029,249,0,1,299,1,0,0,73,0,0,0,6944,187,0,1,345,4,0,0,57,3,0,0,15,0,0,0
2020-06-03,136,11053,273,49,1,2023,23,48,0,9030,250,1,1,299,1,0,0,73,0,0,0,6945,188,1,1,345,4,0,0,57,3,0,0,15,0,0,0
2020-06-04,137,11090,273,37,0,2059,23,36,0,9031,250,1,0,299,1,0,0,73,0,0,0,6945,188,0,0,345,4,0,0,57,3,0,0,15,0,0,0
2020-06-05,138,11128,273,38,0,2093,23,34,0,9035,250,4,0,300,1,1,0,73,0,0,0,6946,188,1,0,346,4,1,0,57,3,0,0,15,0,0,0
2020-06-06,139,11174,273,46,0,2135,23,42,0,9039,250,4,0,301,1,1,0,73,0,0,0,6946,188,0,0,347,4,1,0,58,3,1,0,15,0,0,0
2020-06-07,140,11229,273,55,0,2187,23,52,0,9042,250,3,0,302,1,1,0,73,0,0,0,6948,188,2,0,348,4,1,0,58,3,0,0,15,0,0,0
2020-06-08,141,11264,273,35,0,2221,23,34,0,9043,250,1,0,302,1,0,0,73,0,0,0,6949,188,1,0,348,4,0,0,58,3,0,0,15,0,0,0
2020-06-09,142,11302,274,38,1,2256,24,35,1,9046,250,3,0,304,1,2,0,73,0,0,0,6949,188,0,0,350,4,2,0,58,3,0,0,15,0,0,0
2020-06-10,143,11346,276,44,2,2297,26,41,2,9049,250,3,0,304,1,0,0,73,0,0,0,6949,188,0,0,350,4,0,0,59,3,1,0,15,0,0,0
2020-06-11,144,11389,276,43,0,2340,26,43,0,9049,250,0,0,304,1,0,0,73,0,0,0,6949,188,0,0,350,4,0,0,59,3,0,0,15,0,0,0
2020-06-12,145,11435,277,46,1,2385,26,45,0,9050,251,1,1,304,1,0,0,73,0,0,0,6950,189,1,1,350,4,0,0,59,3,0,0,15,0,0,0
2020-06-13,146,11482,277,47,0,2428,26,43,0,9054,251,4,0,305,1,1,0,73,0,0,0,6953,189,3,0,351,4,1,0,59,3,0,0,15,0,0,0
2020-06-14,147,11515,277,33,0,2458,26,30,0,9057,251,3,0,305,1,0,0,73,0,0,0,6955,189,2,0,351,4,0,0,60,3,1,0,15,0,0,0
2020-06-15,148,11544,277,29,0,2483,26,25,0,9061,251,4,0,306,1,1,0,73,0,0,0,6955,189,0,0,352,4,1,0,60,3,0,0,15,0,0,0
2020-06-16,149,11569,278,25,1,2502,27,19,1,9067,251,6,0,309,1,3,0,73,0,0,0,6955,189,0,0,353,4,1,0,60,3,0,0,15,0,0,0
2020-06-17,150,11605,279,36,1,2530,28,28,1,9075,251,8,0,315,1,6,0,73,0,0,0,6956,189,1,0,354,4,1,0,60,3,0,0,16,0,1,0
2020-06-18,151,11660,280,55,1,2572,29,42,1,9088,251,13,0,326,1,11,0,74,0,1,0,6957,189,1,0,357,4,3,0,60,3,0,0,16,0,0,0
2020-06-19,152,11698,280,38,0,2601,29,29,0,9097,251,9,0,332,1,6,0,74,0,0,0,6957,189,0,0,357,4,0,0,60,3,0,0,19,0,3,0
2020-06-20,153,11747,280,49,0,2637,29,36,0,9110,251,13,0,339,1,7,0,75,0,1,0,6959,189,2,0,361,4,4,0,60,3,0,0,19,0,0,0
2020-06-21,154,11791,280,44,0,2664,29,27,0,9127,251,17,0,351,1,12,0,76,0,1,0,6960,189,1,0,362,4,1,0,62,3,2,0,19,0,0,0
2020-06-22,155,11808,280,17,0,2676,29,12,0,9132,251,5,0,353,1,2,0,77,0,1,0,6961,189,1,0,364,4,2,0,62,3,0,0,19,0,0,0
2020-06-23,156,11828,281,20,1,2690,30,14,1,9138,251,6,0,358,1,5,0,77,0,0,0,6963,189,2,0,364,4,0,0,62,3,0,0,19,0,0,0
2020-06-24,157,11867,281,39,0,2711,30,21,0,9156,251,18,0,367,1,9,0,78,0,1,0,6965,189,2,0,369,4,5,0,63,3,1,0,19,0,0,0
2020-06-25,158,11891,282,24,1,2730,31,19,1,9161,251,5,0,372,1,5,0,78,0,0,0,6965,189,0,0,370,4,1,0,63,3,0,0,19,0,0,0
2020-06-26,159,11923,282,32,0,2753,31,23,0,9170,251,9,0,379,1,7,0,78,0,0,0,6965,189,0,0,373,4,3,0,64,3,1,0,19,0,0,0
2020-06-27,160,11963,282,40,0,2788,31,35,0,9175,251,5,0,382,1,3,0,79,0,1,0,6967,189,2,0,373,4,0,0,64,3,0,0,19,0,0,0
2020-06-28,161,12009,282,46,0,2819,31,31,0,9190,251,15,0,390,1,8,0,86,0,7,0,6968,189,1,0,374,4,1,0,64,3,0,0,19,0,0,0
2020-06-29,162,12046,282,37,0,2843,31,24,0,9203,251,13,0,392,1,2,0,92,0,6,0,6970,189,2,0,375,4,1,0,64,3,0,0,19,0,0,0
2020-06-30,163,12076,282,30,0,2860,31,17,0,9216,251,13,0,399,1,7,0,95,0,3,0,6971,189,1,0,376,4,1,0,65,3,1,0,19,0,0,0
2020-07-01,164,12112,282,36,0,2880,31,20,0,9232,251,16,0,402,1,3,0,107,0,12,0,6972,189,1,0,376,4,0,0,65,3,0,0,19,0,0,0
2020-07-02,165,12156,282,44,0,2898,31,18,0,9258,251,26,0,405,1,3,0,129,0,22,0,6973,189,1,0,378,4,2,0,65,3,0,0,19,0,0,0
2020-07-03,166,12206,282,50,0,2927,31,29,0,9279,251,21,0,410,1,5,0,136,0,7,0,6981,189,8,0,379,4,1,0,65,3,0,0,19,0,0,0
2020-07-04,167,12242,283,36,1,2948,32,21,1,9294,251,15,0,415,1,5,0,144,0,8,0,6984,189,3,0,379,4,0,0,65,3,0,0,19,0,0,0
2020-07-05,168,12285,283,43,0,2966,32,18,0,9319,251,25,0,423,1,8,0,159,0,15,0,6984,189,0,0,379,4,0,0,66,3,1,0,19,0,0,0
2020-07-06,169,12309,284,24,1,2978,32,12,0,9331,252,12,1,426,2,3,1,168,0,9,0,6984,189,0,0,380,4,1,0,66,3,0,0,19,0,0,0
2020-07-07,170,12329,285,20,1,2990,33,12,1,9339,252,8,0,428,2,2,0,174,0,6,0,6984,189,0,0,380,4,0,0,66,3,0,0,19,0,0,0
2020-07-08,171,12359,285,30,0,3007,33,17,0,9352,252,13,0,433,2,5,0,182,0,8,0,6984,189,0,0,383,4,3,0,66,3,0,0,19,0,0,0
2020-07-09,172,12387,287,28,2,3014,35,7,2,9373,252,21,0,439,2,6,0,197,0,15,0,6984,189,0,0,383,4,0,0,66,3,0,0,19,0,0,0
2020-07-10,173,12409,288,22,1,3024,36,10,1,9385,252,12,0,446,2,7,0,202,0,5,0,6984,189,0,0,383,4,0,0,66,3,0,0,19,0,0,0
2020-07-11,174,12429,288,20,0,3033,36,9,0,9396,252,11,0,448,2,2,0,211,0,9,0,6984,189,0,0,383,4,0,0,66,3,0,0,19,0,0,0
2020-07-12,175,12450,289,21,1,3048,37,15,1,9402,252,6,0,449,2,1,0,216,0,5,0,6984,189,0,0,383,4,0,0,66,3,0,0,19,0,0,0
2020-07-13,176,12469,289,19,0,3061,37,13,0,9408,252,6,0,449,2,0,0,222,0,6,0,6984,189,0,0,383,4,0,0,66,3,0,0,19,0,0,0
2020-07-14,177,12483,289,14,0,3072,37,11,0,9411,252,3,0,450,2,1,0,224,0,2,0,6985,189,1,0,383,4,0,0,66,3,0,0,19,0,0,0
2020-07-15,178,12494,289,11,0,3081,37,9,0,9413,252,2,0,451,2,1,0,225,0,1,0,6985,189,0,0,383,4,0,0,66,3,0,0,19,0,0,0
2020-07-16,179,12508,291,14,2,3092,39,11,2,9416,252,3,0,452,2,1,0,226,0,1,0,6985,189,0,0,383,4,0,0,67,3,1,0,19,0,0,0
2020-07-17,180,12529,293,21,2,3104,40,12,1,9425,253,9,1,453,2,1,0,231,1,5,1,6985,189,0,0,383,4,0,0,67,3,0,0,22,0,3,0
2020-07-18,181,12540,294,11,1,3113,40,9,0,9427,254,2,1,453,2,0,0,231,1,0,0,6985,190,0,1,384,4,1,0,67,3,0,0,23,0,1,0
2020-07-19,182,12561,295,21,1,3123,41,10,1,9438,254,11,0,454,2,1,0,241,1,10,0,6985,190,0,0,384,4,0,0,67,3,0,0,23,0,0,0
2020-07-20,183,12565,296,4,1,3125,41,2,0,9440,255,2,1,454,2,0,0,243,2,2,1,6985,190,0,0,384,4,0,0,67,3,0,0,23,0,0,0
2020-07-21,184,12585,296,20,0,3144,41,19,0,9441,255,1,0,454,2,0,0,243,2,0,0,6985,190,0,0,384,4,0,0,67,3,0,0,24,0,1,0
2020-07-22,185,12614,297,29,1,3172,42,28,1,9442,255,1,0,454,2,0,0,244,2,1,0,6985,190,0,0,384,4,0,0,67,3,0,0,24,0,0,0
2020-07-23,186,12653,297,39,0,3202,42,30,0,9451,255,9,0,454,2,0,0,253,2,9,0,6985,190,0,0,384,4,0,0,67,3,0,0,24,0,0,0
2020-07-24,187,12681,298,28,1,3226,42,24,0,9455,256,4,1,454,2,0,0,255,2,2,0,6985,191,0,1,386,4,2,0,67,3,0,0,24,0,0,0
2020-07-25,188,12708,298,27,0,3248,42,22,0,9460,256,5,0,454,2,0,0,255,2,0,0,6985,191,0,0,391,4,5,0,67,3,0,0,24,0,0,0
2020-07-26,189,12720,298,12,0,3258,42,10,0,9462,256,2,0,454,2,0,0,256,2,1,0,6985,191,0,0,392,4,1,0,67,3,0,0,24,0,0,0
2020-07-27,190,12729,299,9,1,3266,42,8,0,9463,257,1,1,454,3,0,1,256,2,0,0,6985,191,0,0,393,5,1,1,67,3,0,0,24,0,0,0
2020-07-28,191,12734,300,5,1,3270,43,4,1,9464,257,1,0,454,3,0,0,256,2,0,0,6985,191,0,0,394,5,1,0,67,3,0,0,24,0,0,0
2020-07-29,192,12748,300,14,0,3283,43,13,0,9465,257,1,0,454,3,0,0,256,2,0,0,6985,191,0,0,395,5,1,0,67,3,0,0,24,0,0,0
2020-07-30,193,12755,300,7,0,3290,43,7,0,9465,257,0,0,454,3,0,0,256,2,0,0,6985,191,0,0,395,5,0,0,67,3,0,0,24,0,0,0
2020-07-31,194,12769,301,14,1,3302,44,12,1,9467,257,2,0,454,3,0,0,256,2,0,0,6985,191,0,0,395,5,0,0,69,3,2,0,24,0,0,0
2020-08-01,195,12777,301,8,0,3309,44,7,0,9468,257,1,0,454,3,0,0,256,2,0,0,6985,191,0,0,395,5,0,0,69,3,0,0,24,0,0,0
2020-08-02,196,12785,301,8,0,3315,44,6,0,9470,257,2,0,454,3,0,0,256,2,0,0,6985,191,0,0,396,5,1,0,69,3,0,0,24,0,0,0
2020-08-03,197,12788,301,3,0,3318,44,3,0,9470,257,0,0,454,3,0,0,256,2,0,0,6985,191,0,0,396,5,0,0,69,3,0,0,24,0,0,0
2020-08-04,198,12801,301,13,0,3328,44,10,0,9473,257,3,0,454,3,0,0,257,2,1,0,6985,191,0,0,397,5,1,0,69,3,0,0,24,0,0,0
2020-08-05,199,12816,302,15,1,3336,45,8,1,9480,257,7,0,460,3,6,0,257,2,0,0,6991,191,6,0,397,5,0,0,69,3,0,0,24,0,0,0
2020-08-06,200,12839,302,23,0,3352,45,16,0,9487,257,7,0,461,3,1,0,258,2,1,0,6991,191,0,0,401,5,4,0,69,3,0,0,24,0,0,0
2020-08-07,201,12848,303,9,1,3361,46,9,1,9487,257,0,0,461,3,0,0,258,2,0,0,6991,191,0,0,401,5,0,0,69,3,0,0,24,0,0,0
2020-08-08,202,12878,304,30,1,3391,47,30,1,9487,257,0,0,461,3,0,0,258,2,0,0,6991,191,0,0,401,5,0,0,69,3,0,0,24,0,0,0
2020-08-09,203,12908,305,30,1,3417,48,26,1,9491,257,4,0,463,3,2,0,260,2,2,0,6992,191,1,0,402,5,1,0,69,3,0,0,24,0,0,0
2020-08-10,204,12925,305,17,0,3433,48,16,0,9492,257,1,0,463,3,0,0,260,2,0,0,6992,191,0,0,403,5,1,0,69,3,0,0,24,0,0,0
2020-08-11,205,12948,305,23,0,3446,48,13,0,9502,257,10,0,464,3,1,0,260,2,0,0,6992,191,0,0,413,5,10,0,69,3,0,0,24,0,0,0
2020-08-12,206,12983,305,35,0,3478,48,32,0,9505,257,3,0,464,3,0,0,260,2,0,0,6992,191,0,0,416,5,3,0,69,3,0,0,24,0,0,0
2020-08-13,207,13030,305,47,0,3519,48,41,0,9511,257,6,0,465,3,1,0,261,2,1,0,6992,191,0,0,420,5,4,0,69,3,0,0,24,0,0,0
2020-08-14,208,13115,305,85,0,3591,48,72,0,9524,257,13,0,468,3,3,0,263,2,2,0,6992,191,0,0,429,5,9,0,70,3,1,0,24,0,0,0
2020-08-15,209,13270,305,155,0,3736,48,145,0,9534,257,10,0,470,3,2,0,264,2,1,0,6992,191,0,0,433,5,4,0,73,3,3,0,24,0,0,0
2020-08-16,210,13537,305,267,0,3981,48,245,0,9556,257,22,0,476,3,6,0,271,2,7,0,6994,191,2,0,445,5,12,0,73,3,0,0,24,0,0,0
2020-08-17,211,13725,305,188,0,4144,48,163,0,9581,257,25,0,483,3,7,0,279,2,8,0,6997,191,3,0,455,5,10,0,74,3,1,0,24,0,0,0
2020-08-18,212,13960,306,235,1,4345,49,201,1,9615,257,34,0,488,3,5,0,288,2,9,0,7004,191,7,0,468,5,13,0,76,3,2,0,24,0,0,0
2020-08-19,213,14243,306,283,0,4597,49,252,0,9646,257,31,0,493,3,5,0,295,2,7,0,7007,191,3,0,480,5,12,0,81,3,5,0,24,0,0,0
2020-08-20,214,14519,307,276,1,4823,50,226,1,9696,257,50,0,506,3,13,0,303,2,8,0,7010,191,3,0,499,5,19,0,86,3,5,0,24,0,0,0
2020-08-21,215,14834,309,315,2,5067,52,244,2,9767,257,71,0,529,3,23,0,319,2,16,0,7017,191,7,0,519,5,20,0,95,3,9,0,24,0,0,0
2020-08-22,216,15149,309,315,0,5306,52,239,0,9843,257,76,0,542,3,13,0,339,2,20,0,7028,191,11,0,529,5,10,0,111,3,16,0,26,0,2,0
2020-08-23,217,15536,309,387,0,5600,52,294,0,9936,257,93,0,570,3,28,0,368,2,29,0,7037,191,9,0,544,5,15,0,126,3,15,0,26,0,0,0
2020-08-24,218,15794,309,258,0,5801,52,201,0,9993,257,57,0,598,3,28,0,380,2,12,0,7047,191,10,0,555,5,11,0,132,3,6,0,26,0,0,0
2020-08-25,219,16058,310,264,1,6013,52,212,0,10045,258,52,1,620,4,22,1,389,2,9,0,7052,192,5,1,567,5,12,0,140,3,8,0,29,0,3,0
2020-08-26,220,16365,312,307,2,6242,54,229,2,10123,258,78,0,639,4,19,0,415,2,26,0,7054,192,2,0,585,5,18,0,158,3,18,0,31,0,2,0
2020-08-27,221,16799,313,434,1,6555,55,313,1,10244,258,121,0,658,4,19,0,469,2,54,0,7067,192,13,0,610,5,25,0,172,3,14,0,32,0,1,0
2020-08-28,222,17158,316,359,3,6839,58,284,3,10319,258,75,0,677,4,19,0,500,2,31,0,7080,192,13,0,628,5,18,0,175,3,3,0,34,0,2,0
2020-08-29,223,17466,321,308,5,7083,63,244,5,10383,258,64,0,695,4,18,0,523,2,23,0,7091,192,11,0,641,5,13,0,175,3,0,0,35,0,1,0
2020-08-30,224,17749,323,283,2,7286,65,203,2,10463,258,80,0,712,4,17,0,533,2,10,0,7126,192,35,0,655,5,14,0,177,3,2,0,37,0,2,0
2020-08-31,225,17987,324,238,1,7469,66,183,1,10518,258,55,0,728,4,16,0,548,2,15,0,7130,192,4,0,673,5,18,0,180,3,3,0,42,0,5,0
2020-09-01,226,18209,324,222,0,7644,66,175,0,10565,258,47,0,744,4,16,0,556,2,8,0,7132,192,2,0,689,5,16,0,184,3,4,0,43,0,1,0
2020-09-02,227,18462,326,253,2,7831,68,187,2,10631,258,66,0,766,4,22,0,569,2,13,0,7146,192,14,0,708,5,19,0,186,3,2,0,44,0,1,0
2020-09-03,228,18650,329,188,3,7979,69,148,1,10671,260,40,2,778,5,12,1,580,2,11,0,7149,192,3,0,726,6,18,1,190,3,4,0,44,0,0,0
2020-09-04,229,18839,331,189,2,8107,71,128,2,10732,260,61,0,805,5,27,0,591,2,11,0,7160,192,11,0,752,6,26,0,193,3,3,0,44,0,0,0
2020-09-05,230,18997,333,158,2,8219,73,112,2,10778,260,46,0,813,5,8,0,601,2,10,0,7167,192,7,0,767,6,15,0,196,3,3,0,45,0,1,0
2020-09-06,231,19149,334,152,1,8336,74,117,1,10813,260,35,0,822,5,9,0,609,2,8,0,7173,192,6,0,772,6,5,0,201,3,5,0,45,0,0,0
2020-09-07,232,19257,336,108,2,8414,76,78,2,10843,260,30,0,830,5,8,0,616,2,7,0,7174,192,1,0,787,6,15,0,201,3,0,0,45,0,0,0
2020-09-08,233,19377,341,120,5,8512,81,98,5,10865,260,22,0,836,5,6,0,628,2,12,0,7175,192,1,0,791,6,4,0,201,3,0,0,45,0,0,0
2020-09-09,234,19521,344,144,3,8612,84,100,3,10909,260,44,0,852,5,16,0,647,2,19,0,7178,192,3,0,802,6,11,0,201,3,0,0,45,0,0,0
2020-09-10,235,19662,346,141,2,8710,86,98,2,10952,260,43,0,877,5,25,0,654,2,7,0,7181,192,3,0,819,6,17,0,202,3,1,0,46,0,1,0
2020-09-11,236,19823,350,161,4,8826,90,116,4,10997,260,45,0,902,5,25,0,663,2,9,0,7183,192,2,0,840,6,21,0,202,3,0,0,47,0,1,0
2020-09-12,237,19941,355,118,5,8912,93,86,3,11029,262,32,2,915,6,13,1,666,3,3,1,7186,192,3,0,851,7,11,1,205,3,3,0,48,0,1,0
2020-09-13,238,20040,358,99,3,8972,96,60,3,11068,262,39,0,926,6,11,0,668,3,2,0,7200,192,14,0,867,7,16,0,206,3,1,0,48,0,0,0
2020-09-14,239,20138,363,98,5,9053,101,81,5,11085,262,17,0,934,6,8,0,671,3,3,0,7201,192,1,0,878,7,11,0,206,3,0,0,48,0,0,0
2020-09-15,240,20229,367,91,4,9124,104,71,3,11105,263,20,1,941,6,7,0,673,3,2,0,7203,193,2,1,885,7,7,0,207,3,1,0,51,0,3,0
2020-09-16,241,20334,367,105,0,9205,104,81,0,11129,263,24,0,946,6,5,0,680,3,7,0,7209,193,6,0,891,7,6,0,207,3,0,0,51,0,0,0
2020-09-17,242,20479,372,145,5,9326,108,121,4,11153,264,24,1,956,6,10,0,681,3,1,0,7211,193,2,0,902,7,11,0,207,3,0,0,51,0,0,0
2020-09-18,243,20588,377,109,5,9408,113,82,5,11180,264,27,0,964,6,8,0,688,3,7,0,7216,193,5,0,906,7,4,0,207,3,0,0,52,0,1,0
2020-09-19,244,20694,378,106,1,9498,113,90,0,11196,265,16,1,971,6,7,0,689,3,1,0,7219,193,3,0,912,8,6,1,207,3,0,0,52,0,0,0
2020-09-20,245,20766,383,72,5,9553,117,55,4,11213,266,17,1,974,6,3,0,689,3,0,0,7222,194,3,1,920,8,8,0,207,3,0,0,52,0,0,0
2020-09-21,246,20821,385,55,2,9593,119,40,2,11228,266,15,0,978,6,4,0,689,3,0,0,7224,194,2,0,928,8,8,0,207,3,0,0,52,0,0,0
2020-09-22,247,20872,388,51,3,9629,122,36,3,11243,266,15,0,980,6,2,0,689,3,0,0,7226,194,2,0,934,8,6,0,209,3,2,0,52,0,0,0
2020-09-23,248,20971,388,99,0,9702,122,73,0,11269,266,26,0,986,6,6,0,691,3,2,0,7231,194,5,0,946,8,12,0,210,3,1,0,52,0,0,0
2020-09-24,249,21080,393,109,5,9794,126,92,4,11286,267,17,1,989,7,3,1,692,3,1,0,7233,194,2,0,954,9,8,1,212,3,2,0,52,0,0,0
2020-09-25,250,21175,395,95,2,9877,128,83,2,11298,267,12,0,990,7,1,0,695,3,3,0,7234,194,1,0,956,9,2,0,213,3,1,0,52,0,0,0
2020-09-26,251,21224,399,49,4,9916,130,39,2,11308,269,10,2,990,8,0,1,698,3,3,0,7235,195,1,1,958,10,2,1,213,3,0,0,52,0,0,0
2020-09-27,252,21055,401,73,2,9976,131,60,1,11079,270,13,1,993,8,3,0,699,4,1,1,7237,195,2,0,962,10,4,0,213,3,0,0,52,0,0,0
2020-09-28,253,21337,406,40,5,10009,134,33,3,11328,272,7,2,994,10,1,2,699,4,0,0,7238,195,1,0,964,11,2,1,214,3,1,0,52,0,0,0
2020-09-29,254,21360,407,23,1,10026,135,17,1,11334,272,6,0,995,10,1,0,699,4,0,0,7239,195,1,0,967,11,3,0,214,3,0,0,52,0,0,0
2020-09-30,255,21453,413,93,6,10102,138,76,3,11351,275,17,3,996,11,1,1,704,5,5,1,7240,195,1,0,974,12,7,1,214,3,0,0,52,0,0,0
2020-10-01,256,21520,415,67,2,10152,139,50,1,11368,276,17,1,1000,11,4,0,705,5,1,0,7242,196,2,1,983,12,9,0,214,3,0,0,52,0,0,0
2020-10-02,257,21573,416,53,1,10184,140,32,1,11389,276,21,0,1001,11,1,0,705,5,0,0,7242,196,0,0,1000,12,17,0,214,3,0,0,52,0,0,0
2020-10-03,258,21625,420,52,4,10224,144,40,4,11401,276,12,0,1003,11,2,0,705,5,0,0,7242,196,0,0,1009,12,9,0,214,3,0,0,52,0,0,0
2020-10-04,259,21672,421,47,1,10259,145,35,1,11413,276,12,0,1006,11,3,0,705,5,0,0,7243,196,1,0,1015,12,6,0,214,3,0,0,52,0,0,0
2020-10-05,260,21736,422,64,1,10308,146,49,1,11428,276,15,0,1009,11,3,0,707,5,2,0,7243,196,0,0,1026,12,11,0,214,3,0,0,52,0,0,0
2020-10-06,261,21802,422,66,0,10359,146,51,0,11443,276,15,0,1011,11,2,0,716,5,9,0,7243,196,0,0,1030,12,4,0,214,3,0,0,52,0,0,0
2020-10-07,262,21896,425,94,3,10442,148,83,2,11454,277,11,1,1013,11,2,0,722,5,6,0,7244,197,1,1,1032,12,2,0,214,3,0,0,52,0,0,0
2020-10-08,263,21956,427,60,2,10488,150,46,2,11468,277,14,0,1020,11,7,0,722,5,0,0,7244,197,0,0,1037,12,5,0,214,3,0,0,52,0,0,0
2020-10-09,264,21994,428,38,1,10514,150,26,0,11480,278,12,1,1026,12,6,1,723,5,1,0,7245,197,1,0,1042,12,5,0,214,3,0,0,52,0,0,0
2020-10-10,265,22055,430,61,2,10569,152,55,2,11486,278,6,0,1028,12,2,0,724,5,1,0,7245,197,0,0,1046,12,4,0,214,3,0,0,52,0,0,0
2020-10-11,266,22101,432,46,2,10607,154,38,2,11494,278,8,0,1031,12,3,0,724,5,0,0,7245,197,0,0,1050,12,4,0,216,3,2,0,52,0,0,0
2020-10-12,267,22170,433,69,1,10656,155,49,1,11514,278,20,0,1044,12,13,0,726,5,2,0,7245,197,0,0,1053,12,3,0,217,3,1,0,52,0,0,0
2020-10-13,268,22239,434,69,1,10706,156,50,1,11533,278,19,0,1056,12,12,0,728,5,2,0,7246,197,1,0,1056,12,3,0,221,3,4,0,52,0,0,0
2020-10-14,269,22292,438,53,4,10752,160,46,4,11540,278,7,0,1061,12,5,0,728,5,0,0,7246,197,0,0,1059,12,3,0,221,3,0,0,52,0,0,0
2020-10-15,270,22387,439,95,1,10791,160,39,0,11596,279,56,1,1062,12,1,0,728,5,0,0,7246,197,0,0,1113,13,54,1,222,3,1,0,52,0,0,0
2020-10-16,271,22428,441,41,2,10827,161,36,1,11601,280,5,1,1065,12,3,0,730,5,2,0,7246,197,0,0,1114,14,1,1,222,3,0,0,52,0,0,0
2020-10-17,272,22490,443,62,2,10877,162,50,1,11613,281,12,1,1067,13,2,1,730,5,0,0,7246,197,0,0,1122,15,8,1,225,3,3,0,52,0,0,0
2020-10-18,273,22561,444,71,1,10944,163,67,1,11617,281,4,0,1068,13,1,0,730,5,0,0,7246,197,0,0,1124,15,2,0,226,3,1,0,52,0,0,0
2020-10-19,274,22611,444,50,0,10974,163,30,0,11637,281,20,0,1072,13,4,0,731,5,1,0,7246,197,0,0,1140,15,16,0,227,3,1,0,52,0,0,0
2020-10-20,275,22652,447,41,3,11010,165,36,2,11642,282,5,1,1074,14,2,1,731,5,0,0,7246,198,0,1,1142,15,2,0,229,3,2,0,52,0,0,0
2020-10-21,276,22709,450,57,3,11050,168,40,3,11659,282,17,0,1078,14,4,0,731,5,0,0,7246,198,0,0,1153,15,11,0,229,3,0,0,52,0,0,0
2020-10-22,277,22813,453,104,3,11132,171,82,3,11681,282,22,0,1089,14,11,0,733,5,2,0,7248,198,2,0,1169,15,16,0,231,3,2,0,52,0,0,0
2020-10-23,278,22951,455,138,2,11253,171,121,0,11698,284,17,2,1093,14,4,0,740,5,7,0,7253,198,5,0,1173,16,4,1,232,3,1,0,52,0,0,0
2020-10-24,279,23017,457,66,2,11309,172,56,1,11708,285,10,1,1103,15,10,1,740,5,0,0,7253,198,0,0,1178,17,5,1,232,3,0,0,52,0,0,0
2020-10-25,280,23067,457,50,0,11353,172,44,0,11714,285,6,0,1106,15,3,0,740,5,0,0,7253,198,0,0,1182,17,4,0,232,3,0,0,52,0,0,0
2020-10-26,281,23161,457,94,0,11441,172,88,0,11720,285,6,0,1109,15,3,0,740,5,0,0,7254,198,1,0,1183,17,1,0,232,3,0,0,52,0,0,0
2020-10-27,282,23233,460,72,3,11494,174,53,2,11739,286,19,1,1115,16,6,1,742,5,2,0,7255,198,1,0,1183,17,0,0,238,3,6,0,52,0,0,0
2020-10-28,283,23329,461,96,1,11555,175,61,1,11774,286,35,0,1123,16,8,0,745,5,3,0,7257,198,2,0,1184,17,1,0,252,3,14,0,52,0,0,0
2020-10-29,284,23435,462,106,1,11648,176,93,1,11787,286,13,0,1124,16,1,0,747,5,2,0,7260,198,3,0,1185,17,1,0,259,3,7,0,52,0,0,0
2020-10-30,285,23528,463,93,1,11720,177,72,1,11808,286,21,0,1127,16,3,0,749,5,2,0,7270,198,10,0,1188,17,3,0,265,3,6,0,52,0,0,0
2020-10-31,286,23624,464,96,1,11797,177,77,0,11827,287,19,1,1134,16,7,0,749,5,0,0,7279,198,9,0,1194,18,6,1,265,3,0,0,52,0,0,0
2020-11-01,287,23725,466,101,2,11878,178,81,1,11847,288,20,1,1144,16,10,0,752,5,3,0,7282,198,3,0,1203,19,9,1,268,3,3,0,52,0,0,0
2020-11-02,288,23804,468,79,2,11940,179,62,1,11864,289,17,1,1156,16,12,0,754,5,2,0,7286,198,4,0,1214,20,11,1,268,3,0,0,52,0,0,0
2020-11-03,289,23850,472,46,4,11976,180,36,1,11874,292,10,3,1163,17,7,1,756,6,2,1,7287,199,1,1,1220,21,6,1,269,3,1,0,52,0,0,0
2020-11-04,290,23948,474,98,2,12060,180,84,0,11888,294,14,2,1174,17,11,0,756,6,0,0,7288,199,1,0,1231,23,11,2,269,3,0,0,53,0,1,0
2020-11-05,291,24056,475,108,1,12132,181,72,1,11924,294,36,0,1199,17,25,0,756,6,0,0,7292,199,4,0,1257,23,26,0,270,3,1,0,53,0,0,0
2020-11-06,292,24173,476,117,1,12204,182,72,1,11969,294,45,0,1224,17,25,0,756,6,0,0,7292,199,0,0,1282,23,25,0,277,3,7,0,53,0,0,0
2020-11-07,293,24245,477,72,1,12255,183,51,1,11990,294,21,0,1233,17,9,0,756,6,0,0,7293,199,1,0,1292,23,10,0,281,3,4,0,53,0,0,0
2020-11-08,294,24363,478,118,1,12334,184,79,1,12029,294,39,0,1244,17,11,0,761,6,5,0,7302,199,9,0,1300,23,8,0,290,3,9,0,53,0,0,0
2020-11-09,295,24462,480,99,2,12395,185,61,1,12067,295,38,1,1256,17,12,0,766,6,5,0,7310,199,8,0,1310,24,10,1,301,3,11,0,53,0,0,0
2020-11-10,296,24533,485,71,5,12448,189,53,4,12085,296,18,1,1261,17,5,0,772,6,6,0,7312,199,2,0,1315,25,5,1,304,3,3,0,53,0,0,0
2020-11-11,297,24646,487,113,2,12529,191,81,2,12117,296,32,0,1269,17,8,0,775,6,3,0,7313,199,1,0,1324,25,9,0,312,3,8,0,53,0,0,0
2020-11-12,298,24774,487,128,0,12617,191,88,0,12157,296,40,0,1280,17,11,0,789,6,14,0,7315,199,2,0,1335,25,11,0,318,3,6,0,54,0,1,0
2020-11-13,299,24936,488,162,1,12730,192,113,1,12206,296,49,0,1288,17,8,0,803,6,14,0,7316,199,1,0,1342,25,7,0,341,3,23,0,55,0,1,0
2020-11-14,300,25102,492,166,4,12839,195,109,3,12263,297,57,1,1302,17,14,0,824,6,21,0,7316,199,0,0,1354,25,12,0,359,4,18,1,55,0,0,0
2020-11-15,301,25278,493,176,1,12963,196,124,1,12315,297,52,0,1315,17,13,0,839,6,15,0,7324,199,8,0,1359,25,5,0,378,4,19,0,55,0,0,0
2020-11-16,302,25470,494,192,1,13090,197,127,1,12380,297,65,0,1327,17,12,0,854,6,15,0,7327,199,3,0,1365,25,6,0,398,4,20,0,56,0,1,0
2020-11-17,303,25672,494,202,0,13227,197,137,0,12445,297,65,0,1337,17,10,0,888,6,34,0,7329,199,2,0,1374,25,9,0,411,4,13,0,56,0,0,0
2020-11-18,304,25917,496,245,2,13408,198,181,1,12509,298,64,1,1344,17,7,0,912,6,24,0,7331,199,2,0,1385,25,11,0,416,5,5,1,56,0,0,0
2020-11-19,305,26210,498,293,2,13585,200,177,2,12625,298,116,0,1361,17,17,0,948,6,36,0,7336,199,5,0,1403,25,18,0,436,5,20,0,56,0,0,0
2020-11-20,306,26530,501,320,3,13803,203,218,3,12727,298,102,0,1378,17,17,0,979,6,31,0,7339,199,3,0,1420,25,17,0,460,5,24,0,58,0,2,0
2020-11-21,307,26891,503,361,2,14065,204,262,1,12826,299,99,1,1399,17,21,0,1016,6,37,0,7340,200,1,1,1447,25,27,0,474,5,14,0,58,0,0,0
2020-11-22,308,27193,505,302,2,14284,206,219,2,12909,299,83,0,1410,17,11,0,1049,6,33,0,7340,200,0,0,1460,25,13,0,486,5,12,0,58,0,0,0
2020-11-23,309,27448,509,255,4,14490,207,206,1,12958,302,49,3,1420,17,10,0,1064,6,15,0,7341,201,1,1,1473,25,13,0,497,6,11,1,59,0,1,0
2020-11-24,310,27768,510,320,1,14707,208,217,1,13061,302,103,0,1432,17,12,0,1088,6,24,0,7346,201,5,0,1487,25,14,0,542,6,45,0,60,0,1,0
2020-11-25,311,28131,513,363,3,14962,209,255,1,13169,304,108,2,1457,17,25,0,1118,7,30,1,7354,202,8,1,1526,25,39,0,554,6,12,0,63,0,3,0
2020-11-26,312,28683,515,552,2,15363,211,401,2,13320,304,151,0,1486,17,29,0,1157,7,39,0,7363,202,9,0,1567,25,41,0,562,6,8,0,65,0,2,0
2020-11-27,313,29208,516,525,1,15700,212,337,1,13508,304,188,0,1544,17,58,0,1204,7,47,0,7382,202,19,0,1629,25,62,0,570,6,8,0,68,0,3,0
2020-11-28,314,29694,522,486,6,16023,218,323,6,13671,304,163,0,1594,17,50,0,1234,7,30,0,7406,202,24,0,1673,25,44,0,603,6,33,0,70,0,2,0
2020-11-29,315,30107,523,413,1,16286,219,263,1,13821,304,150,0,1634,17,40,0,1277,7,43,0,7426,202,20,0,1706,25,33,0,622,6,19,0,70,0,0,0
2020-11-30,316,30521,526,414,3,16547,220,261,1,13974,306,153,2,1666,18,32,1,1308,7,31,0,7452,202,26,0,1765,27,59,2,630,6,8,0,70,0,0,0
2020-12-01,317,30941,526,420,0,16802,220,255,0,14139,306,165,0,1725,18,59,0,1341,7,33,0,7494,202,42,0,1814,27,49,0,639,6,9,0,70,0,0,0
2020-12-02,318,31434,526,493,0,17158,220,356,0,14276,306,137,0,1759,18,34,0,1378,7,37,0,7514,202,20,0,1857,27,43,0,651,6,12,0,72,0,2,0
2020-12-03,319,31950,529,516,3,17577,222,419,2,14373,307,97,1,1792,18,33,0,1390,7,12,0,7526,203,12,1,1887,27,30,0,659,6,8,0,73,0,1,0
2020-12-04,320,32550,536,600,7,18040,228,463,6,14510,308,137,1,1840,19,48,1,1407,7,17,0,7537,203,11,0,1945,28,58,1,662,6,3,0,75,0,2,0
2020-12-05,321,33109,540,559,4,18440,232,400,4,14669,308,159,0,1882,19,42,0,1434,7,27,0,7562,203,25,0,1985,28,40,0,671,6,9,0,76,0,1,0
2020-12-06,322,33708,545,599,5,18910,235,470,3,14798,310,129,2,1914,19,32,0,1456,7,22,0,7578,203,16,0,2036,28,51,0,682,8,11,2,76,0,0,0
2020-12-07,323,34288,549,580,4,19332,238,422,3,14956,311,158,1,1937,19,23,0,1482,7,26,0,7594,203,16,0,2117,28,81,0,691,9,9,1,76,0,0,0
2020-12-08,324,34850,552,562,3,19714,241,382,3,15136,311,180,0,1971,19,34,0,1512,7,30,0,7606,203,12,0,2218,28,101,0,699,9,8,0,78,0,2,0
2020-12-09,325,35495,555,645,3,20229,243,515,2,15266,312,130,1,2007,19,36,0,1535,7,23,0,7629,203,23,0,2255,28,37,0,703,10,4,1,78,0,0,0
2020-12-10,326,36141,563,646,8,20718,247,489,4,15423,316,157,4,2049,19,42,0,1551,9,16,2,7644,203,15,0,2323,30,68,2,718,10,15,0,87,0,9,0
2020-12-11,327,36814,571,673,8,21230,251,512,4,15584,320,161,4,2086,19,37,0,1565,9,14,0,7670,203,26,0,2405,32,82,2,729,11,11,1,92,0,5,0
2020-12-12,328,37742,577,928,6,21899,255,669,4,15843,322,259,2,2135,19,49,0,1587,9,22,0,7726,203,56,0,2495,33,90,1,765,11,36,0,92,0,0,0
2020-12-13,329,38742,579,1000,2,22684,256,785,1,16058,323,215,1,2171,19,36,0,1614,9,27,0,7769,203,43,0,2568,33,73,0,782,12,17,1,95,0,3,0
2020-12-14,330,39424,586,682,7,23157,260,473,4,16267,326,209,3,2247,20,76,1,1645,9,31,0,7806,203,37,0,2642,35,74,2,796,12,14,0,103,0,8,0
2020-12-15,331,40272,599,848,13,23732,267,575,7,16540,332,273,6,2341,23,94,3,1664,9,19,0,7848,204,42,1,2768,40,126,5,809,12,13,0,112,0,9,0
2020-12-16,332,41326,611,1054,12,24489,278,757,11,16837,333,297,1,2413,23,72,0,1745,10,81,1,7897,204,49,0,2850,40,82,0,817,12,8,0,127,0,15,0
2020-12-17,333,42319,633,993,22,25273,290,784,12,17046,343,209,10,2460,28,47,5,1773,11,28,1,7936,207,39,3,2921,45,71,5,826,13,9,1,139,0,12,0
2020-12-18,334,43357,644,1038,11,26032,293,759,3,17325,351,279,8,2511,29,51,1,1793,11,20,0,7986,207,50,0,3006,53,85,8,844,13,18,0,166,0,27,0
2020-12-19,335,44382,658,1025,14,26720,297,688,4,17662,361,337,10,2643,32,132,3,1820,13,27,2,8109,209,123,2,3076,58,70,5,871,13,27,0,190,0,24,0
2020-12-20,336,45454,673,1072,15,27496,309,776,12,17958,364,296,3,2679,34,36,2,1866,14,46,1,8148,211,39,2,3133,58,57,0,926,13,55,0,214,0,24,0
2020-12-21,337,46346,697,892,24,28145,324,649,15,18201,373,243,9,2727,37,48,3,1896,15,30,1,8198,213,50,2,3185,62,52,4,948,13,22,0,237,0,23,0
2020-12-22,338,47168,721,822,24,28689,344,544,20,18479,377,278,4,2782,40,55,3,1930,15,34,0,8267,215,69,2,3232,64,47,2,971,13,23,0,256,0,19,0
2020-12-23,339,48226,738,1058,17,29405,356,716,12,18821,382,342,5,2886,41,104,1,1997,16,67,1,8349,215,82,0,3291,68,59,4,984,13,13,0,289,0,33,0
2020-12-24,340,49181,755,955,17,30049,369,644,13,19132,386,311,4,2973,42,87,1,2025,16,28,0,8421,215,72,0,3372,72,81,4,1005,13,21,0,315,0,26,0
2020-12-25,341,50396,772,1215,17,30910,376,861,7,19486,396,354,10,3108,46,135,4,2076,17,51,1,8484,219,63,4,3484,77,112,5,1018,13,13,0,335,0,20,0
2020-12-26,342,51500,792,1104,20,31672,390,762,14,19828,402,342,6,3219,47,111,1,2146,18,70,1,8535,220,51,1,3579,80,95,3,1053,13,35,0,359,0,24,0
2020-12-27,343,52446,806,946,14,32328,398,656,8,20118,408,290,6,3312,48,93,1,2175,18,29,0,8580,221,45,1,3675,85,96,5,1076,13,23,0,366,0,7,0
2020-12-28,344,53233,817,787,11,32858,404,530,6,20375,413,257,5,3382,49,70,1,2195,19,20,1,8634,221,54,0,3745,88,70,3,1103,13,27,0,377,0,11,0
2020-12-29,345,54262,857,1029,40,33659,434,801,30,20603,423,228,10,3465,51,83,2,2221,22,26,3,8685,222,51,1,3792,93,47,5,1124,13,21,0,382,0,5,0
2020-12-30,346,55287,877,1025,20,34364,451,705,17,20923,426,320,3,3558,53,93,2,2262,22,41,0,8779,224,94,2,3872,94,80,1,1141,13,17,0,392,0,10,0
2020-12-31,347,56227,898,940,21,35007,467,643,16,21220,431,297,5,3603,54,45,1,2286,22,24,0,8833,224,54,0,3996,99,124,5,1177,13,36,0,401,0,9,0
2021-01-01,348,57230,915,1003,17,35698,482,691,15,21532,433,312,2,3652,55,49,1,2316,22,30,0,8898,225,65,1,4109,99,113,0,1206,13,29,0,406,0,5,0
2021-01-02,349,58014,940,784,25,36234,496,536,14,21780,444,248,11,3699,60,47,5,2349,22,33,0,8961,230,63,5,4158,104,49,5,1237,13,31,0,418,0,12,0
2021-01-03,350,58655,960,641,20,36678,505,444,9,21977,455,197,11,3743,60,44,0,2392,25,43,3,9008,230,47,0,4193,110,35,6,1270,15,33,2,422,0,4,0
2021-01-04,351,59640,979,985,19,37363,515,685,10,22277,464,300,9,3794,61,51,1,2478,28,86,3,9060,231,52,1,4254,113,61,3,1298,17,28,2,431,0,9,0
2021-01-05,352,60312,1005,672,26,37818,531,455,16,22494,474,217,10,3851,65,57,4,2509,31,31,3,9123,235,63,4,4290,116,36,3,1325,17,27,0,439,0,8,0
2021-01-06,353,61121,1025,809,20,38385,544,567,13,22736,481,242,7,3904,66,53,1,2562,34,53,3,9165,236,42,1,4353,119,63,3,1341,17,16,0,444,0,5,0
2021-01-07,354,61954,1044,833,19,39008,559,623,15,22946,485,210,4,3949,67,45,1,2592,35,30,1,9189,237,24,1,4404,121,51,2,1371,17,30,0,453,0,9,0
2021-01-08,355,62586,1079,632,35,39460,583,452,24,23126,496,180,11,3988,71,39,4,2620,37,28,2,9216,238,27,1,4457,127,53,6,1382,18,11,1,459,0,6,0
2021-01-09,356,63182,1098,596,19,39881,594,421,11,23301,504,175,8,4049,74,61,3,2644,39,24,2,9258,239,42,1,4508,130,51,3,1387,18,5,0,464,0,5,0
2021-01-10,357,63813,1123,631,25,40281,611,400,17,23532,512,231,8,4091,74,42,0,2671,42,27,3,9300,239,42,0,4604,133,96,3,1407,20,20,2,468,0,4,0
2021-01-11,358,64232,1138,419,15,40578,625,297,14,23654,513,122,1,4111,74,20,0,2704,42,33,0,9319,239,19,0,4644,133,40,0,1417,20,10,0,470,0,2,0
2021-01-12,359,64740,1163,508,25,40924,643,346,18,23816,520,162,7,4136,76,25,2,2724,42,20,0,9352,240,33,1,4673,138,29,5,1424,21,7,1,472,0,2,0
2021-01-13,360,65276,1183,536,20,41281,654,357,11,23995,529,179,9,4160,77,24,1,2734,46,10,4,9376,240,24,0,4723,140,50,2,1444,23,20,2,473,0,1,0
2021-01-14,361,65772,1193,496,10,41598,659,317,5,24174,534,179,5,4195,77,35,0,2773,46,39,0,9405,240,29,0,4784,143,61,3,1455,24,11,1,475,0,2,0
2021-01-15,362,66256,1215,484,22,41923,671,325,12,24333,544,159,10,4212,79,17,2,2798,48,25,2,9422,242,17,2,4838,147,54,4,1468,24,13,0,476,0,1,0
2021-01-16,363,66803,1234,547,19,42264,684,341,13,24539,550,206,6,4232,80,20,1,2834,51,36,3,9451,242,29,0,4913,149,75,2,1490,24,22,0,480,0,4,0
2021-01-17,364,67303,1247,500,13,42614,691,350,7,24689,556,150,6,4249,84,17,4,2868,52,34,1,9473,246,22,4,4966,150,53,1,1494,24,4,0,480,0,0,0
2021-01-18,365,67669,1262,366,15,42858,702,244,11,24811,560,122,4,4272,87,23,3,2886,52,18,0,9494,249,21,3,4991,150,25,0,1508,25,14,1,482,0,2,0
2021-01-19,366,68020,1281,351,19,43099,714,241,12,24921,567,110,7,4294,89,22,2,2901,53,15,1,9514,252,20,3,5020,151,29,1,1524,27,16,2,483,0,1,0
2021-01-20,367,68393,1298,373,17,43374,722,275,8,25019,576,98,9,4304,90,10,1,2923,60,22,7,9527,253,13,1,5042,151,22,0,1533,28,9,1,489,0,6,0
2021-01-21,368,68773,1313,380,15,43651,732,277,10,25122,581,103,5,4322,92,18,2,2946,61,23,1,9541,254,14,1,5073,153,31,2,1539,29,6,1,494,0,5,0
2021-01-22,369,69087,1325,314,12,43874,740,223,8,25213,585,91,4,4331,94,9,2,2955,62,9,1,9547,256,6,2,5105,154,32,1,1547,29,8,0,496,0,2,0
2021-01-23,370,69490,1334,403,9,44118,746,244,6,25372,588,159,3,4354,96,23,2,2977,63,22,1,9572,257,25,1,5157,155,52,1,1552,29,5,0,499,0,3,0
2021-01-24,371,69859,1346,369,12,44367,753,249,7,25492,593,120,5,4386,98,32,2,2998,64,21,1,9595,258,23,1,5186,156,29,1,1563,30,11,1,500,0,1,0
2021-01-25,372,70264,1357,405,11,44543,761,176,8,25721,596,229,3,4534,100,148,2,3016,64,18,0,9617,260,22,2,5220,157,34,1,1566,30,3,0,500,0,0,0
2021-01-26,373,70597,1368,333,11,44734,768,191,7,25863,600,142,4,4553,100,19,0,3038,64,22,0,9636,260,19,0,5253,158,33,1,1608,30,42,0,500,0,0,0
2021-01-27,374,71113,1375,516,7,45008,772,274,4,26105,603,242,3,4570,100,17,0,3173,67,135,3,9650,260,14,0,5293,158,40,0,1626,30,18,0,500,0,0,0
2021-01-28,375,71592,1383,479,8,45266,777,258,5,26326,606,221,3,4602,100,32,0,3226,67,53,0,9684,260,34,0,5355,160,62,2,1632,30,6,0,500,0,0,0
2021-01-29,376,72037,1396,445,13,45522,787,256,10,26515,609,189,3,4618,101,16,1,3289,68,63,1,9703,261,19,1,5397,161,42,1,1639,30,7,0,501,0,1,0
2021-01-30,377,72458,1411,421,15,45823,796,301,9,26635,615,120,6,4638,102,20,1,3325,69,36,1,9722,262,19,1,5424,162,27,1,1642,32,3,2,503,0,2,0
2021-01-31,378,72781,1417,323,6,46045,799,222,3,26736,618,101,3,4645,102,7,0,3344,71,19,2,9732,262,10,0,5454,162,30,0,1648,32,6,0,504,0,1,0
2021-02-01,379,73066,1422,285,5,46249,801,204,2,26817,621,81,3,4653,102,8,0,3377,72,33,1,9746,263,14,1,5472,163,18,1,1656,32,8,0,504,0,0,0
2021-02-02,380,73361,1432,295,10,46448,805,199,4,26913,627,96,6,4676,102,23,0,3404,75,27,3,9774,264,28,1,5487,163,15,0,1663,33,7,1,504,0,0,0
2021-02-03,381,73794,1438,433,6,46757,809,309,4,27037,629,124,2,4727,103,51,1,3426,75,22,0,9791,264,17,0,5540,164,53,1,1668,33,5,0,505,0,1,0
2021-02-04,382,74223,1445,429,7,47094,814,337,5,27129,631,92,2,4746,103,19,0,3441,75,15,0,9802,265,11,1,5581,165,41,1,1676,33,8,0,507,0,2,0
2021-02-05,383,74573,1456,350,11,47351,822,257,8,27222,634,93,3,4759,103,13,0,3455,75,14,0,9818,265,16,0,5625,166,44,1,1681,33,5,0,509,0,2,0
2021-02-06,384,74939,1461,366,5,47625,824,274,2,27314,637,92,3,4782,105,23,2,3469,76,14,1,9838,267,20,2,5654,166,29,0,1682,33,1,0,515,0,6,0
2021-02-07,385,75264,1468,325,7,47889,831,264,7,27375,637,61,0,4798,105,16,0,3483,76,14,0,9850,267,12,0,5670,166,16,0,1687,33,5,0,517,0,2,0
2021-02-08,386,75527,1471,263,3,48095,832,206,1,27432,639,57,2,4808,105,10,0,3490,77,7,1,9870,268,20,1,5682,166,12,0,1691,33,4,0,517,0,0,0
2021-02-09,387,75800,1479,273,8,48312,838,217,6,27488,641,56,2,4818,106,10,1,3501,77,11,0,9881,268,11,0,5699,166,17,0,1694,34,3,1,519,0,2,0
2021-02-10,388,74247,1473,405,4,48656,842,344,4,25591,631,61,0,4823,106,5,0,3518,77,17,0,9897,268,16,0,5719,166,20,0,1699,34,5,0,519,0,0,0
2021-02-11,389,74709,1483,462,10,49039,849,383,7,25670,634,79,3,4829,106,6,0,3534,78,16,1,9910,268,13,0,5751,167,32,1,1710,34,11,0,523,1,4,1
2021-02-12,390,77051,1504,384,11,49338,858,299,9,27713,646,85,2,4848,106,19,0,3546,79,12,1,9927,268,17,0,5786,168,35,1,1716,34,6,0,527,1,4,0
2021-02-13,391,77396,1511,345,7,49595,862,257,4,27801,649,88,3,4876,106,28,0,3554,79,8,0,9945,268,18,0,5828,170,42,2,1718,35,2,1,527,1,0,0
2021-02-14,392,77700,1519,304,8,49838,869,243,7,27862,650,61,1,4896,106,20,0,3562,79,8,0,9953,268,8,0,5854,170,26,0,1723,36,5,1,527,1,0,0
2021-02-15,393,78022,1524,322,5,50092,873,254,4,27930,651,68,1,4911,106,15,0,3573,79,11,0,9965,268,12,0,5881,171,27,1,1724,36,1,0,527,1,0,0
2021-02-16,394,78451,1531,429,7,50395,878,303,5,28056,653,126,2,4980,107,69,1,3582,80,9,1,9983,269,18,1,5963,171,82,0,1728,36,4,0,528,1,1,0
2021-02-17,395,79041,1535,590,4,50810,881,415,3,28231,654,175,1,5069,107,89,0,3605,81,23,1,10001,269,18,0,6064,171,101,0,1731,36,3,0,528,1,0,0
2021-02-18,396,79631,1541,590,6,51242,885,432,4,28389,656,158,2,5126,108,57,1,3626,81,21,0,10026,270,25,1,6126,172,62,1,1734,36,3,0,533,1,5,0
2021-02-19,397,80164,1547,533,6,51638,889,396,4,28526,658,137,2,5170,108,44,0,3642,81,16,0,10054,270,28,0,6175,173,49,1,1739,37,5,1,536,1,3,0
2021-02-20,398,80580,1550,416,3,51953,891,315,2,28627,659,101,1,5200,108,30,0,3661,81,19,0,10079,271,25,1,6201,173,26,0,1742,37,3,0,538,1,2,0
2021-02-21,399,80971,1554,391,4,52264,894,311,3,28707,660,80,1,5217,108,17,0,3681,81,20,0,10091,271,12,0,6226,173,25,0,1748,38,6,1,541,1,3,0
2021-02-22,400,81284,1559,313,5,52500,898,236,4,28784,661,77,1,5232,109,15,1,3692,81,11,0,10102,271,11,0,6244,174,18,1,1767,38,19,0,541,1,0,0
2021-02-23,401,81613,1570,329,11,52751,903,251,5,28862,667,78,6,5245,109,13,0,3711,82,19,1,10113,271,11,0,6265,176,21,2,1781,41,14,3,541,1,0,0
2021-02-24,402,82030,1573,417,3,53043,905,292,2,28987,668,125,1,5262,109,17,0,3755,82,44,0,10131,271,18,0,6291,176,26,0,1790,41,9,0,543,1,2,0
2021-02-25,403,82398,1578,368,5,53311,907,268,2,29087,671,100,3,5282,109,20,0,3786,84,31,2,10147,271,16,0,6326,177,35,1,1792,41,2,0,548,1,5,0
2021-02-26,404,82761,1582,363,4,53588,911,277,4,29173,671,86,0,5301,109,19,0,3817,84,31,0,10167,271,20,0,6339,177,13,0,1797,41,5,0,548,1,0,0
2021-02-27,405,83166,1592,405,10,53911,917,323,6,29255,675,82,4,5316,109,15,0,3853,84,36,0,10181,271,14,0,6355,180,16,3,1802,41,5,0,549,1,1,0
2021-02-28,406,83499,1599,333,7,54179,924,268,7,29320,675,65,0,5337,109,21,0,3874,84,21,0,10196,271,15,0,6368,180,13,0,1805,41,3,0,550,1,1,0
2021-03-01,407,83837,1601,338,2,54441,926,262,2,29396,675,76,0,5348,109,11,0,3892,84,18,0,10214,271,18,0,6388,180,20,0,1810,41,5,0,550,1,0,0
2021-03-02,408,84156,1602,319,1,54682,926,241,0,29474,676,78,1,5363,109,15,0,3912,84,20,0,10231,271,17,0,6409,180,21,0,1812,41,2,0,555,1,5,0
2021-03-03,409,84582,1608,426,6,55035,931,353,5,29547,677,73,1,5392,109,29,0,3923,84,11,0,10255,272,24,1,6422,180,13,0,1818,41,6,0,559,1,4,0
2021-03-04,410,84983,1615,401,7,55347,937,312,6,29636,678,89,1,5409,109,17,0,3936,84,13,0,10286,272,31,0,6441,180,19,0,1824,41,6,0,562,1,3,0
2021-03-05,411,85364,1623,381,8,55656,944,309,7,29708,679,72,1,5437,109,28,0,3944,84,8,0,10308,272,22,0,6469,180,28,0,1828,42,4,1,564,1,2,0
2021-03-06,412,85768,1628,404,5,55973,948,317,4,29795,680,87,1,5467,109,30,0,3952,84,8,0,10333,272,25,0,6492,181,23,1,1835,42,7,0,569,1,5,0
2021-03-07,413,86167,1630,399,2,56296,949,323,1,29871,681,76,1,5484,109,17,0,3967,84,15,0,10349,272,16,0,6506,181,14,0,1845,42,10,0,573,1,4,0
2021-03-08,414,86502,1638,335,8,56536,956,240,7,29966,682,95,1,5519,109,35,0,3991,85,24,1,10375,272,26,0,6535,181,29,0,1855,42,10,0,576,1,3,0
2021-03-09,415,86929,1641,427,3,56835,958,299,2,30094,683,128,1,5555,109,36,0,4032,85,41,0,10399,272,24,0,6579,182,44,1,1868,42,13,0,578,1,2,0
2021-03-10,416,87381,1644,452,3,57189,960,354,2,30192,684,98,1,5582,110,27,1,4041,85,9,0,10418,273,19,1,6613,182,34,0,1888,42,20,0,580,1,2,0
2021-03-11,417,87825,1648,444,4,57522,963,333,3,30303,685,111,1,5593,111,11,1,4052,85,11,0,10428,274,10,1,6653,182,40,0,1918,42,30,0,582,1,2,0
2021-03-12,418,88292,1658,467,10,57846,969,324,6,30446,689,143,4,5625,111,32,0,4062,85,10,0,10459,274,31,0,6674,185,21,3,1930,42,12,0,584,1,2,0
2021-03-13,419,88766,1663,474,5,58170,973,324,4,30596,690,150,1,5651,111,26,0,4067,85,5,0,10484,275,25,1,6701,185,27,0,1948,42,18,0,585,1,1,0
2021-03-14,420,89202,1665,436,2,58496,974,326,1,30706,691,110,1,5659,111,8,0,4075,85,8,0,10495,275,11,0,6716,186,15,1,1964,42,16,0,586,1,1,0
2021-03-15,421,89569,1671,367,6,58784,980,288,6,30785,691,79,0,5677,111,18,0,4080,85,5,0,10508,275,13,0,6726,186,10,0,1974,42,10,0,589,1,3,0
2021-03-16,422,89914,1674,345,3,59019,983,235,3,30895,691,110,0,5685,111,8,0,4088,85,8,0,10514,275,6,0,6739,186,13,0,1986,42,12,0,591,1,2,0
2021-03-17,423,90366,1682,452,8,59342,989,323,6,31024,693,129,2,5706,111,21,0,4109,85,21,0,10540,275,26,0,6758,187,19,1,1996,42,10,0,592,1,1,0
2021-03-18,424,90793,1684,427,2,59641,991,299,2,31152,693,128,0,5730,111,24,0,4124,85,15,0,10561,275,21,0,6783,187,25,0,2019,42,23,0,593,1,1,0
2021-03-19,425,88756,1672,399,2,59961,992,320,1,28795,680,79,1,5746,111,16,0,4141,85,17,0,10571,275,10,0,6794,187,11,0,2049,43,30,1,593,1,0,0
2021-03-20,426,91627,1689,435,3,60273,993,312,1,31354,696,123,2,5767,111,21,0,4155,85,14,0,10595,275,24,0,6811,187,17,0,2066,43,17,0,594,1,1,0
2021-03-21,427,92064,1692,437,3,60572,996,299,3,31492,696,138,0,5783,111,16,0,4167,85,12,0,10617,275,22,0,6841,187,30,0,2079,43,13,0,595,1,1,0
2021-03-22,428,92454,1693,390,1,60827,997,255,1,31627,696,135,0,5799,111,16,0,4178,85,11,0,10636,275,19,0,6877,187,36,0,2100,43,21,0,596,1,1,0
2021-03-23,429,92782,1700,328,7,61053,1002,226,5,31729,698,102,2,5816,111,17,0,4187,85,9,0,10645,276,9,1,6900,188,23,1,2109,43,9,0,596,1,0,0
2021-03-24,430,90576,1689,381,3,61356,1004,303,2,29220,685,78,1,5824,112,8,1,4193,85,6,0,10668,276,23,0,6917,188,17,0,2127,43,18,0,596,1,0,0
2021-03-25,431,93579,1705,416,2,61636,1005,280,1,31943,700,136,1,5848,112,24,0,4202,85,9,0,10702,276,34,0,6941,188,24,0,2154,44,27,1,596,1,0,0
2021-03-26,432,94043,1712,464,7,61969,1010,333,5,32074,702,131,2,5872,112,24,0,4209,85,7,0,10725,276,23,0,6954,190,13,2,2178,44,24,0,598,1,2,0
2021-03-27,433,94530,1717,487,5,62272,1013,303,3,32258,704,184,2,5923,112,51,0,4218,85,9,0,10785,276,60,0,6992,190,38,0,2213,45,35,1,600,1,2,0
2021-03-28,434,94989,1718,459,1,62586,1014,314,1,32403,704,145,0,5953,112,30,0,4225,85,7,0,10810,276,25,0,7060,190,68,0,2232,45,19,0,600,1,0,0
2021-03-29,435,95355,1722,366,4,62836,1015,250,1,32519,707,116,3,5967,113,14,1,4235,85,10,0,10830,278,20,2,7117,190,57,0,2238,46,6,1,600,1,0,0
2021-03-30,436,95781,1725,426,3,63103,1017,267,2,32678,708,159,1,6011,113,44,0,4261,86,26,1,10869,278,39,0,7166,190,49,0,2251,46,13,0,600,1,0,0
2021-03-31,437,96269,1727,488,2,63387,1018,284,1,32882,709,204,1,6064,113,53,0,4283,86,22,0,10905,278,36,0,7243,190,77,0,2267,47,16,1,602,1,2,0
2021-04-01,438,96803,1731,534,4,63726,1020,339,2,33077,711,195,2,6121,113,57,0,4307,86,24,0,10931,279,26,1,7316,190,73,0,2287,47,20,0,604,1,2,0
2021-04-02,439,94556,1717,514,2,64068,1022,342,2,30488,695,172,0,6175,113,54,0,4324,86,17,0,10967,279,36,0,7366,190,50,0,2297,47,10,0,608,1,4,0
2021-04-03,440,97838,1736,521,3,64384,1023,316,1,33454,713,205,2,6222,113,47,0,4347,86,23,0,10988,279,21,0,7437,191,71,1,2313,47,16,0,609,1,1,0
2021-04-04,441,98352,1740,514,4,64695,1027,311,4,33657,713,203,0,6277,113,55,0,4375,86,28,0,11017,279,29,0,7518,191,81,0,2319,47,6,0,611,1,2,0
2021-04-05,442,98801,1744,449,4,64971,1030,276,3,33830,714,173,1,6315,113,38,0,4394,86,19,0,11046,279,29,0,7579,191,61,0,2333,48,14,1,613,1,2,0
2021-04-06,443,99261,1748,460,4,65243,1034,272,4,34018,714,188,0,6351,113,36,0,4444,86,50,0,11073,279,27,0,7621,191,42,0,2348,48,15,0,613,1,0,0
2021-04-07,444,99914,1752,653,4,65656,1038,413,4,34258,714,240,0,6439,113,88,0,4463,86,19,0,11104,279,31,0,7696,191,75,0,2364,48,16,0,616,1,3,0
